timestamp,symptoms,relevant_context,response,query,assistant_feedback,user_query,assistant_response
2024-11-13 09:00:00,"Fever, headache, and body aches","These are common symptoms of the flu. It's important to rest, hydrate, and take over-the-counter pain relievers like acetaminophen or ibuprofen. If symptoms persist for more than a few days or worsen, see a healthcare provider.","What should I do if I have fever, headache, and body aches?","Stay hydrated, rest, and take over-the-counter pain relievers.",,,
2024-11-13 09:15:00,"Nausea, vomiting, and dizziness","These symptoms could be signs of a viral infection, dehydration, or other medical conditions. Stay hydrated and avoid heavy meals. If symptoms continue or you experience severe dizziness, seek medical advice.","I feel nauseous and dizzy, what should I do?","Stay hydrated and avoid heavy meals. If symptoms persist, consult a healthcare provider.",,,
2024-11-13 09:30:00,Shortness of breath and chest pain,"These symptoms could indicate a serious condition such as a heart attack, pulmonary embolism, or other cardiovascular issues. It's crucial to seek immediate medical attention.","I'm having trouble breathing and chest pain, should I worry?","Yes, these are serious symptoms, and you should seek immediate medical attention.",,,
2024-11-13 09:45:00,"Sore throat, cough, and mild fever","This combination is often seen with a cold or flu. Rest, stay hydrated, and use throat lozenges. If symptoms last more than a week or worsen, consider seeing a doctor.","What should I do if I have a sore throat, cough, and mild fever?","Rest, stay hydrated, and use throat lozenges. If symptoms last longer or worsen, consult a doctor.",,,
2024-11-13 10:00:00,"Severe headache, nausea, and sensitivity to light","These symptoms may indicate a migraine. Migraines can be managed with medications, rest, and a quiet environment. If this is a new condition or if symptoms are frequent, consult a doctor.","I have a severe headache and feel nauseous, could this be a migraine?","Yes, these are common symptoms of a migraine. Consider medications and rest in a quiet environment.",,,
2024-11-13 10:15:00,Joint pain and swelling,"This could be a sign of arthritis or other inflammatory conditions. Over-the-counter anti-inflammatory medications can help, but a visit to a healthcare provider is recommended for a proper diagnosis.",What should I do if my joints are swollen and painful?,"Try anti-inflammatory medications, but see a healthcare provider for a proper diagnosis.",,,
2024-11-13 10:30:00,Frequent urination and increased thirst,These could be signs of diabetes. It's important to consult a doctor for a blood test to check blood sugar levels.,"I feel thirsty all the time and keep urinating frequently, could I have diabetes?",These are common signs of diabetes. Please see a healthcare provider for a blood test.,,,
2024-11-13 10:45:00,"Abdominal pain, bloating, and diarrhea","This could indicate a gastrointestinal infection or irritable bowel syndrome. Hydrate and avoid heavy foods. If symptoms persist, seek medical attention.",What could cause my stomach pain and diarrhea?,These could be due to an infection or IBS. Stay hydrated and consult a doctor if symptoms persist.,,,
2024-11-13 11:00:00,"Red, itchy rash","A red, itchy rash could be an allergic reaction or a skin condition like eczema. Avoid scratching, and if the rash doesnâ€™t improve, see a dermatologist.","I have a red, itchy rash on my skin. What should I do?","Avoid scratching, and if it persists, visit a dermatologist.",,,
2024-11-13 11:15:00,Fatigue and weight loss,"Fatigue and weight loss could be signs of various conditions, including thyroid disorders or infections. It's important to consult a healthcare provider for further evaluation.",Why am I feeling so tired and losing weight?,This could be due to thyroid issues or other conditions. Please consult a doctor for evaluation.,,,
2024-11-13 11:30:00,Nasal congestion and sore throat,"These are common symptoms of a cold or viral infection. Rest, drink fluids, and take over-the-counter medication if needed.","My nose is congested and I have a sore throat, what can I do?","Rest, hydrate, and use over-the-counter medications. If symptoms persist, consult a healthcare provider.",,,
2024-11-13 11:45:00,Swollen ankles and feet,"Swollen ankles could indicate fluid retention or heart, kidney, or liver issues. It is important to get a medical assessment to determine the cause.","My ankles are swollen, should I be worried?",Swollen ankles can indicate various issues. Please consult a healthcare provider for assessment.,,,
2024-11-13 12:00:00,Chronic cough and weight loss,This could be a sign of tuberculosis or another respiratory condition. A visit to the doctor is necessary for testing and proper diagnosis.,"I've had a cough for a while and am losing weight, what could this be?",It could indicate tuberculosis or another condition. A visit to the doctor is necessary.,,,
2024-11-13 12:15:00,Cold hands and feet with dizziness,"This may suggest poor circulation, anemia, or low blood pressure. Try to stay warm and consult a healthcare provider if symptoms persist.",Why are my hands and feet cold all the time?,"This could be due to poor circulation or low blood pressure. If symptoms persist, seek medical advice.",,,
2024-11-13 12:30:00,Blurred vision and headaches,"These symptoms may indicate high blood pressure, diabetes, or eye-related issues. It is important to consult an eye specialist or doctor.","I'm having trouble with blurred vision and headaches, what should I do?",These could be signs of high blood pressure or other conditions. Consult an eye specialist or doctor.,,,
2024-11-13 12:45:00,Heavy menstrual bleeding and fatigue,This could be a sign of anemia or other menstrual disorders. A medical consultation is necessary to determine the underlying cause.,"I'm feeling very fatigued with heavy periods, should I see a doctor?","Yes, this could indicate anemia or other issues. Please consult a healthcare provider.",,,
2024-11-13 13:00:00,Frequent headaches and difficulty concentrating,"These may be signs of stress, dehydration, or a migraine. Ensure you are hydrated, and if symptoms persist, consult a healthcare provider.","I can't concentrate and have frequent headaches, what should I do?","Ensure you are hydrated and manage stress. If symptoms continue, see a doctor.",,,
2024-11-13 17:07:08,,,,What is Migrane>,,What is Migrane>,"## What is Migraine?

Migraine is a type of headache that usually causes throbbing pain on one side of the head. It can be accompanied by nausea, vomiting, dizziness, increased sensitivity to light and sound, and other symptoms. 

**Here's a breakdown based on your provided text:**

**Causes:**

* **Electrical and Chemical Imbalances:** Migraines are believed to be caused by imbalances in certain parts of the brain, leading to blood vessel changes.
* **Blood Vessel Changes:** These imbalances cause blood vessels in the brain to first constrict (narrow) and then dilate (widen). This dilation stimulates the release of chemicals that increase pain sensitivity, inflammation, and swelling.

**Symptoms:**

* **Aura:** Some people experience warning signals before the headache begins, called an aura. This can include restlessness, tingling sensations, or visual disturbances like flashing lights.
* **Pain:** The pain is often on one side of the head but can involve both sides or switch sides during attacks. It is typically throbbing and can range from mild to severe.
* **Other Symptoms:** Nausea, vomiting, sensitivity to light and sound, and intolerance to food or odors are common.

**Diagnosis:**

* **Medical History:** A thorough medical history is used to diagnose migraines.
* **Imaging Studies:** Imaging tests like CT scans or MRIs may be used to rule out other conditions, such as brain tumors.

**Treatment:**

* **Acute Treatment:** Drugs that act on serotonin receptors are used to relieve the pain and severity of a migraine attack. These include ergotamine, sumatriptan, and rizatriptan.
* **Preventive Treatment:** Certain medications like beta blockers, tricyclic antidepressants, and calcium channel blockers can be used to prevent migraines.
* **Lifestyle Modifications:** Avoiding triggers such as certain foods, stress, and sleep changes can also help reduce migraine frequency.

**Important Note:** This information is for general knowledge and should not be considered medical advice. If you are experiencing migraine headaches, it is important to consult with a healthcare professional for proper diagnosis and treatment. 
"
2024-11-13 17:18:08,,,,Headache,,Headache,"It seems like you are asking for a diagnosis based solely on the word ""headache."" This is not possible, as headaches can have many different causes. I can, however, provide you with some information about headache symptoms and when to seek medical attention.

**Here are some important things to remember:**

* **Headaches are very common.** Most people experience headaches at some point in their lives.
* **There are many different types of headaches.** The type of headache you have can help determine the cause.
* **Some headaches are more serious than others.** If you have a headache that is severe, sudden, or accompanied by other symptoms, it's important to see a doctor right away.

**Here are some warning signs that indicate you should see a doctor for a headache:**

* **""Worst headache of my life.""** This may indicate a serious condition such as a brain aneurysm or stroke.
* **Headache accompanied by weakness, numbness, vision problems, speech difficulties, or other neurological symptoms.** These can also be signs of a stroke or other serious conditions.
* **Headache that becomes worse over time, especially if it's more prominent in the morning or accompanied by neurological symptoms.** This may be a sign of a brain tumor.
* **Sudden onset of headache with fever and stiff neck.** This could be a sign of meningitis, a serious infection of the brain and spinal cord.

**To help you get the right diagnosis and treatment, please provide more information about your headache, such as:**

* **How long have you had the headache?**
* **How often do you get headaches?**
* **Where is the pain located?**
* **What does the pain feel like? (throbbing, sharp, dull, etc.)**
* **What makes the pain worse?**
* **What makes the pain better?**
* **Do you have any other symptoms?**

Once you have provided more information, I can offer you more specific guidance. 
"
2024-11-13 17:18:59,,,,I have a slight pain on my head,,I have a slight pain on my head,"I understand you are experiencing a slight headache.  However, I need more information to give you a relevant medical response.  

Please tell me:

* **How long have you had this headache?**
* **Where is the pain located in your head?**
* **What is the intensity of the pain?** (Is it mild, moderate, or severe?)
* **Do you have any other symptoms along with the headache?** For example, fever, stiff neck, nausea, vomiting, dizziness, vision changes, weakness, or numbness.
* **What is your medical history?** Do you have a history of headaches, migraines, or any other health conditions?

Once I have this information, I can provide you with a more accurate and helpful response. 

**It's important to remember that I am not a medical professional and cannot diagnose or treat medical conditions. If you are concerned about your headache, please consult a doctor or other qualified healthcare provider.** 
"
2024-11-13 18:33:50,,,,"I have a slight pain, and blocked nose.",,"I have a slight pain, and blocked nose.","I understand you're experiencing a slight pain and blocked nose. While I can't provide medical advice, it's important to consider the information you've provided about a deviated septum. 

Based on what you've read, a deviated septum can cause a blocked nose and potentially lead to sinus issues. However, a slight pain could also be related to other factors like allergies, a common cold, or even a sinus infection. 

Here's what I recommend:

* **Consult a doctor:**  A doctor can properly diagnose the cause of your symptoms. They can examine your nasal passages and determine if a deviated septum is contributing to your blocked nose and pain.
* **Over-the-counter relief:**  While waiting for a doctor's appointment, you can try over-the-counter decongestants, saline sprays, and antihistamines for temporary relief. 
* **Home remedies:**  Humidifiers can help to loosen mucus, and hot showers or steam inhalation can help to clear your sinuses.

Remember, I'm just a resource to help you understand health information. For accurate diagnosis and treatment, you must seek professional medical advice. 
"
2024-11-13 18:34:37,,,,Heart Pain,,Heart Pain,"The provided context describes **angina**, a condition characterized by chest pain or discomfort caused by a temporary reduction in blood flow to the heart muscle. The pain usually occurs during physical exertion or emotional stress, and is typically relieved by rest or medication. 

Based on the symptoms you mentioned ""Heart Pain"", it's important to seek medical attention immediately.  While the context provides information about angina, it's crucial for a medical professional to properly diagnose the cause of your heart pain. 

Here's why:

* **Heart pain can have many causes:** Angina is just one possibility. Other serious conditions like heart attack, pericarditis (inflammation of the sac surrounding the heart), or even a pulmonary embolism (blood clot in the lungs) can also present with heart pain. 
* **Self-diagnosis is dangerous:**  It's essential to avoid diagnosing yourself based on online information. 
* **Prompt medical attention is vital:** Delays in seeking help can worsen the situation, particularly in cases of heart attack.

**What to do:**

1. **Call emergency services immediately:** If you experience chest pain, especially if it's accompanied by shortness of breath, sweating, nausea, or dizziness, call 911 or your local emergency number right away.
2. **Describe your symptoms clearly:** Be prepared to provide details about the pain, including its location, intensity, duration, and any associated symptoms. 
3. **Follow medical advice:**  A medical professional will assess your situation, conduct necessary tests, and recommend appropriate treatment. 

Remember, heart pain is a serious symptom that should never be ignored. Seeking timely medical attention is crucial for a proper diagnosis and timely treatment. 
"
